Area,Category,Fuel_Type,Year,Energy_Gen
All,non-renewable,Black coal,1989-90,87573
All,non-renewable,Brown coal,1989-90,33594
All,non-renewable,Natural gas,1989-90,14359
All,non-renewable,Oil products,1989-90,3552
All,renewable,Bagasse_wood,1989-90,750
All,renewable,Hydro,1989-90,14880
All,non-renewable,Black coal,1990-91,89511
All,non-renewable,Brown coal,1990-91,36048
All,non-renewable,Natural gas,1990-91,10772
All,non-renewable,Oil products,1990-91,3396
All,renewable,Bagasse_wood,1990-91,769
All,renewable,Hydro,1990-91,16103
All,non-renewable,Black coal,1991-92,94325
All,non-renewable,Brown coal,1991-92,34559
All,non-renewable,Natural gas,1991-92,11633
All,non-renewable,Oil products,1991-92,2362
All,renewable,Bagasse_wood,1991-92,670
All,renewable,Hydro,1991-92,15768
All,renewable,Small-scale solar PV,1991-92,11
All,non-renewable,Black coal,1992-93,97873
All,non-renewable,Brown coal,1992-93,33248
All,non-renewable,Natural gas,1992-93,12295
All,non-renewable,Oil products,1992-93,2421
All,renewable,Bagasse_wood,1992-93,670
All,renewable,Hydro,1992-93,16953
All,renewable,Small-scale solar PV,1992-93,13
All,non-renewable,Black coal,1993-94,100544
All,non-renewable,Brown coal,1993-94,34890
All,non-renewable,Natural gas,1993-94,12199
All,non-renewable,Oil products,1993-94,2320
All,renewable,Bagasse_wood,1993-94,670
All,renewable,Wind,1993-94,4
All,renewable,Hydro,1993-94,16649
All,renewable,Small-scale solar PV,1993-94,16
All,non-renewable,Black coal,1994-95,102522
All,non-renewable,Brown coal,1994-95,35832
All,non-renewable,Natural gas,1994-95,14913
All,non-renewable,Oil products,1994-95,2738
All,renewable,Bagasse_wood,1994-95,670
All,renewable,Biogas,1994-95,53
All,renewable,Wind,1994-95,7
All,renewable,Hydro,1994-95,16239
All,renewable,Small-scale solar PV,1994-95,19
All,non-renewable,Black coal,1995-96,106090
All,non-renewable,Brown coal,1995-96,39427
All,non-renewable,Natural gas,1995-96,12445
All,non-renewable,Oil products,1995-96,2805
All,renewable,Bagasse_wood,1995-96,670
All,renewable,Biogas,1995-96,258
All,renewable,Wind,1995-96,7
All,renewable,Hydro,1995-96,15731
All,renewable,Small-scale solar PV,1995-96,23
All,non-renewable,Black coal,1996-97,109452
All,non-renewable,Brown coal,1996-97,41893
All,non-renewable,Natural gas,1996-97,11426
All,non-renewable,Oil products,1996-97,2175
All,renewable,Bagasse_wood,1996-97,670
All,renewable,Biogas,1996-97,295
All,renewable,Wind,1996-97,7
All,renewable,Hydro,1996-97,16852
All,renewable,Small-scale solar PV,1996-97,28
All,non-renewable,Black coal,1997-98,116970
All,non-renewable,Brown coal,1997-98,46633
All,non-renewable,Natural gas,1997-98,12934
All,non-renewable,Oil products,1997-98,1821
All,renewable,Bagasse_wood,1997-98,670
All,renewable,Biogas,1997-98,359
All,renewable,Wind,1997-98,8
All,renewable,Hydro,1997-98,15733
All,renewable,Small-scale solar PV,1997-98,34
All,non-renewable,Black coal,1998-99,118586
All,non-renewable,Brown coal,1998-99,49703
All,non-renewable,Natural gas,1998-99,16001
All,non-renewable,Oil products,1998-99,1729
All,renewable,Bagasse_wood,1998-99,674
All,renewable,Biogas,1998-99,459
All,renewable,Wind,1998-99,28
All,renewable,Hydro,1998-99,16563
All,renewable,Small-scale solar PV,1998-99,38
All,non-renewable,Black coal,1999-00,123834
All,non-renewable,Brown coal,1999-00,50200
All,non-renewable,Natural gas,1999-00,16245
All,non-renewable,Oil products,1999-00,1784
All,renewable,Bagasse_wood,1999-00,685
All,renewable,Biogas,1999-00,449
All,renewable,Wind,1999-00,58
All,renewable,Hydro,1999-00,16720
All,renewable,Small-scale solar PV,1999-00,44
All,non-renewable,Black coal,2000-01,134264
All,non-renewable,Brown coal,2000-01,52223
All,non-renewable,Natural gas,2000-01,17271
All,non-renewable,Oil products,2000-01,2044
All,renewable,Bagasse_wood,2000-01,633
All,renewable,Biogas,2000-01,12
All,renewable,Wind,2000-01,210
All,renewable,Hydro,2000-01,16933
All,renewable,Small-scale solar PV,2000-01,50
All,non-renewable,Black coal,2001-02,116775
All,non-renewable,Brown coal,2001-02,56493
All,non-renewable,Natural gas,2001-02,31730
All,non-renewable,Oil products,2001-02,2446
All,renewable,Bagasse_wood,2001-02,669
All,renewable,Biogas,2001-02,281
All,renewable,Wind,2001-02,364
All,renewable,Hydro,2001-02,16054
All,renewable,Small-scale solar PV,2001-02,58
All,non-renewable,Black coal,2002-03,115297
All,non-renewable,Brown coal,2002-03,55160
All,non-renewable,Natural gas,2002-03,29375
All,non-renewable,Oil products,2002-03,1661
All,non-renewable,Other,2002-03,1792
All,renewable,Bagasse_wood,2002-03,827
All,renewable,Biogas,2002-03,757
All,renewable,Wind,2002-03,703
All,renewable,Hydro,2002-03,16490
All,renewable,Small-scale solar PV,2002-03,58
All,non-renewable,Black coal,2003-04,121182
All,non-renewable,Brown coal,2003-04,55573
All,non-renewable,Natural gas,2003-04,30919
All,non-renewable,Oil products,2003-04,1389
All,non-renewable,Other,2003-04,1817
All,renewable,Bagasse_wood,2003-04,1058
All,renewable,Biogas,2003-04,741
All,renewable,Wind,2003-04,705
All,renewable,Hydro,2003-04,16331
All,renewable,Small-scale solar PV,2003-04,68
All,renewable,Geothermal,2003-04,1
All,non-renewable,Black coal,2004-05,127789
All,non-renewable,Brown coal,2004-05,53378
All,non-renewable,Natural gas,2004-05,23803
All,non-renewable,Oil products,2004-05,2841
All,non-renewable,Other,2004-05,434
All,renewable,Bagasse_wood,2004-05,3237
All,renewable,Biogas,2004-05,593
All,renewable,Wind,2004-05,885
All,renewable,Hydro,2004-05,15612
All,renewable,Small-scale solar PV,2004-05,78
All,renewable,Geothermal,2004-05,1
All,non-renewable,Black coal,2005-06,130232
All,non-renewable,Brown coal,2005-06,54553
All,non-renewable,Natural gas,2005-06,22726
All,non-renewable,Oil products,2005-06,3058
All,non-renewable,Other,2005-06,517
All,renewable,Bagasse_wood,2005-06,3268
All,renewable,Biogas,2005-06,643
All,renewable,Wind,2005-06,1713
All,renewable,Hydro,2005-06,16029
All,renewable,Small-scale solar PV,2005-06,90
All,renewable,Geothermal,2005-06,1
All,non-renewable,Black coal,2006-07,132369
All,non-renewable,Brown coal,2006-07,54376
All,non-renewable,Natural gas,2006-07,31850
All,non-renewable,Oil products,2006-07,2893
All,non-renewable,Other,2006-07,479
All,renewable,Bagasse_wood,2006-07,3316
All,renewable,Biogas,2006-07,637
All,renewable,Wind,2006-07,2611
All,renewable,Hydro,2006-07,14517
All,renewable,Small-scale solar PV,2006-07,105
All,renewable,Geothermal,2006-07,1
All,non-renewable,Black coal,2007-08,129569
All,non-renewable,Brown coal,2007-08,54659
All,non-renewable,Natural gas,2007-08,34956
All,non-renewable,Oil products,2007-08,4058
All,non-renewable,Other,2007-08,106
All,renewable,Bagasse_wood,2007-08,3737
All,renewable,Biogas,2007-08,859
All,renewable,Wind,2007-08,3093
All,renewable,Hydro,2007-08,12057
All,renewable,Small-scale solar PV,2007-08,123
All,renewable,Geothermal,2007-08,1
All,non-renewable,Black coal,2008-09,127271
All,non-renewable,Brown coal,2008-09,56981
All,non-renewable,Natural gas,2008-09,37660
All,non-renewable,Oil products,2008-09,3388
All,non-renewable,Other,2008-09,3580
All,renewable,Bagasse_wood,2008-09,1763
All,renewable,Biogas,2008-09,1032
All,renewable,Wind,2008-09,3824
All,renewable,Hydro,2008-09,11869
All,renewable,Small-scale solar PV,2008-09,156
All,renewable,Geothermal,2008-09,1
NSW,non-renewable,Black coal,2008-09,67650
NSW,non-renewable,Natural gas,2008-09,2445
NSW,non-renewable,Oil products,2008-09,25
NSW,non-renewable,Other,2008-09,337
NSW,renewable,Bagasse_wood,2008-09,291
NSW,renewable,Biogas,2008-09,383
NSW,renewable,Wind,2008-09,41
NSW,renewable,Hydro,2008-09,1497
NSW,renewable,Small-scale solar PV,2008-09,36
VIC,non-renewable,Brown coal,2008-09,52094
VIC,non-renewable,Natural gas,2008-09,1452
VIC,non-renewable,Oil products,2008-09,20
VIC,non-renewable,Other,2008-09,61
VIC,renewable,Biogas,2008-09,292
VIC,renewable,Wind,2008-09,573
VIC,renewable,Hydro,2008-09,2235
VIC,renewable,Small-scale solar PV,2008-09,24
QLD,non-renewable,Black coal,2008-09,50882
QLD,non-renewable,Natural gas,2008-09,9257
QLD,non-renewable,Oil products,2008-09,711
QLD,non-renewable,Other,2008-09,692
QLD,renewable,Bagasse_wood,2008-09,1472
QLD,renewable,Biogas,2008-09,116
QLD,renewable,Wind,2008-09,27
QLD,renewable,Hydro,2008-09,820
QLD,renewable,Small-scale solar PV,2008-09,51
QLD,renewable,Geothermal,2008-09,1
WA,non-renewable,Black coal,2008-09,8738
WA,non-renewable,Natural gas,2008-09,14556
WA,non-renewable,Oil products,2008-09,1464
WA,non-renewable,Other,2008-09,2153
WA,renewable,Biogas,2008-09,120
WA,renewable,Wind,2008-09,675
WA,renewable,Small-scale solar PV,2008-09,19
SA,non-renewable,Brown coal,2008-09,4887
SA,non-renewable,Natural gas,2008-09,7371
SA,non-renewable,Oil products,2008-09,63
SA,non-renewable,Other,2008-09,337
SA,renewable,Biogas,2008-09,86
SA,renewable,Wind,2008-09,2020
SA,renewable,Hydro,2008-09,4
SA,renewable,Small-scale solar PV,2008-09,23
TAS,non-renewable,Natural gas,2008-09,705
TAS,non-renewable,Oil products,2008-09,65
TAS,renewable,Biogas,2008-09,25
TAS,renewable,Wind,2008-09,487
TAS,renewable,Hydro,2008-09,7314
TAS,renewable,Small-scale solar PV,2008-09,2
NT,non-renewable,Natural gas,2008-09,1873
NT,non-renewable,Oil products,2008-09,1039
NT,renewable,Biogas,2008-09,9
NT,renewable,Small-scale solar PV,2008-09,1
All,non-renewable,Black coal,2009-10,123725
All,non-renewable,Brown coal,2009-10,56068
All,non-renewable,Natural gas,2009-10,44585
All,non-renewable,Oil products,2009-10,3107
All,non-renewable,Other,2009-10,2991
All,renewable,Bagasse_wood,2009-10,1762
All,renewable,Biogas,2009-10,1016
All,renewable,Wind,2009-10,5052
All,renewable,Hydro,2009-10,13549
All,renewable,Small-scale solar PV,2009-10,425
All,renewable,Geothermal,2009-10,1
NSW,non-renewable,Black coal,2009-10,64399
NSW,non-renewable,Natural gas,2009-10,4681
NSW,non-renewable,Oil products,2009-10,6
NSW,non-renewable,Other,2009-10,494
NSW,renewable,Bagasse_wood,2009-10,295
NSW,renewable,Biogas,2009-10,386
NSW,renewable,Wind,2009-10,433
NSW,renewable,Hydro,2009-10,2690
NSW,renewable,Small-scale solar PV,2009-10,119
VIC,non-renewable,Brown coal,2009-10,51542
VIC,non-renewable,Natural gas,2009-10,1698
VIC,non-renewable,Oil products,2009-10,1
VIC,non-renewable,Other,2009-10,116
VIC,renewable,Biogas,2009-10,303
VIC,renewable,Wind,2009-10,1406
VIC,renewable,Hydro,2009-10,1975
VIC,renewable,Small-scale solar PV,2009-10,66
QLD,non-renewable,Black coal,2009-10,49714
QLD,non-renewable,Natural gas,2009-10,12021
QLD,non-renewable,Oil products,2009-10,371
QLD,non-renewable,Other,2009-10,1026
QLD,renewable,Bagasse_wood,2009-10,1467
QLD,renewable,Biogas,2009-10,82
QLD,renewable,Wind,2009-10,31
QLD,renewable,Hydro,2009-10,573
QLD,renewable,Small-scale solar PV,2009-10,121
QLD,renewable,Geothermal,2009-10,1
WA,non-renewable,Black coal,2009-10,9612
WA,non-renewable,Natural gas,2009-10,16006
WA,non-renewable,Oil products,2009-10,1373
WA,non-renewable,Other,2009-10,1018
WA,renewable,Biogas,2009-10,121
WA,renewable,Wind,2009-10,664
WA,renewable,Small-scale solar PV,2009-10,58
SA,non-renewable,Brown coal,2009-10,4527
SA,non-renewable,Natural gas,2009-10,6937
SA,non-renewable,Oil products,2009-10,164
SA,non-renewable,Other,2009-10,335
SA,renewable,Biogas,2009-10,86
SA,renewable,Wind,2009-10,2029
SA,renewable,Hydro,2009-10,4
SA,renewable,Small-scale solar PV,2009-10,51
TAS,non-renewable,Natural gas,2009-10,1110
TAS,non-renewable,Oil products,2009-10,74
TAS,renewable,Biogas,2009-10,29
TAS,renewable,Wind,2009-10,489
TAS,renewable,Hydro,2009-10,8307
TAS,renewable,Small-scale solar PV,2009-10,6
NT,non-renewable,Natural gas,2009-10,2133
NT,non-renewable,Oil products,2009-10,1118
NT,non-renewable,Other,2009-10,2
NT,renewable,Biogas,2009-10,9
NT,renewable,Small-scale solar PV,2009-10,4
All,non-renewable,Black coal,2010-11,116949
All,non-renewable,Brown coal,2010-11,55298
All,non-renewable,Natural gas,2010-11,48996
All,non-renewable,Oil products,2010-11,3094
All,non-renewable,Other,2010-11,2716
All,renewable,Bagasse_wood,2010-11,1077
All,renewable,Biogas,2010-11,1025
All,renewable,Wind,2010-11,6085
All,renewable,Hydro,2010-11,16807
All,renewable,Small-scale solar PV,2010-11,1530
All,renewable,Geothermal,2010-11,1
NSW,non-renewable,Black coal,2010-11,60732
NSW,non-renewable,Natural gas,2010-11,4743
NSW,non-renewable,Oil products,2010-11,61
NSW,non-renewable,Other,2010-11,266
NSW,renewable,Bagasse_wood,2010-11,253
NSW,renewable,Biogas,2010-11,360
NSW,renewable,Wind,2010-11,530
NSW,renewable,Hydro,2010-11,2475
NSW,renewable,Small-scale solar PV,2010-11,526
VIC,non-renewable,Brown coal,2010-11,51067
VIC,non-renewable,Natural gas,2010-11,1290
VIC,non-renewable,Oil products,2010-11,38
VIC,non-renewable,Other,2010-11,115
VIC,renewable,Biogas,2010-11,340
VIC,renewable,Wind,2010-11,1434
VIC,renewable,Hydro,2010-11,3911
VIC,renewable,Small-scale solar PV,2010-11,206
QLD,non-renewable,Black coal,2010-11,45864
QLD,non-renewable,Natural gas,2010-11,14595
QLD,non-renewable,Oil products,2010-11,374
QLD,non-renewable,Other,2010-11,1039
QLD,renewable,Bagasse_wood,2010-11,824
QLD,renewable,Biogas,2010-11,97
QLD,renewable,Wind,2010-11,27
QLD,renewable,Hydro,2010-11,966
QLD,renewable,Small-scale solar PV,2010-11,401
QLD,renewable,Geothermal,2010-11,1
WA,non-renewable,Black coal,2010-11,10352
WA,non-renewable,Natural gas,2010-11,18116
WA,non-renewable,Oil products,2010-11,1414
WA,non-renewable,Other,2010-11,1029
WA,renewable,Biogas,2010-11,112
WA,renewable,Wind,2010-11,719
WA,renewable,Small-scale solar PV,2010-11,198
SA,non-renewable,Brown coal,2010-11,4232
SA,non-renewable,Natural gas,2010-11,6693
SA,non-renewable,Oil products,2010-11,89
SA,non-renewable,Other,2010-11,267
SA,renewable,Biogas,2010-11,78
SA,renewable,Wind,2010-11,2890
SA,renewable,Hydro,2010-11,4
SA,renewable,Small-scale solar PV,2010-11,183
TAS,non-renewable,Natural gas,2010-11,1506
TAS,non-renewable,Oil products,2010-11,95
TAS,renewable,Biogas,2010-11,30
TAS,renewable,Wind,2010-11,484
TAS,renewable,Hydro,2010-11,9452
TAS,renewable,Small-scale solar PV,2010-11,12
NT,non-renewable,Natural gas,2010-11,2054
NT,non-renewable,Oil products,2010-11,1023
NT,non-renewable,Other,2010-11,1
NT,renewable,Biogas,2010-11,9
NT,renewable,Small-scale solar PV,2010-11,6
All,non-renewable,Black coal,2011-12,116654
All,non-renewable,Brown coal,2011-12,55068
All,non-renewable,Natural gas,2011-12,48572
All,non-renewable,Oil products,2011-12,2703
All,non-renewable,Other,2011-12,1088
All,renewable,Bagasse_wood,2011-12,1606
All,renewable,Biogas,2011-12,1437
All,renewable,Wind,2011-12,6970
All,renewable,Hydro,2011-12,14083
All,renewable,Small-scale solar PV,2011-12,2559
All,renewable,Geothermal,2011-12,1
NSW,non-renewable,Black coal,2011-12,60454
NSW,non-renewable,Natural gas,2011-12,4212
NSW,non-renewable,Oil products,2011-12,42
NSW,renewable,Bagasse_wood,2011-12,414
NSW,renewable,Biogas,2011-12,409
NSW,renewable,Wind,2011-12,698
NSW,renewable,Hydro,2011-12,2447
NSW,renewable,Small-scale solar PV,2011-12,658
VIC,non-renewable,Brown coal,2011-12,52060
VIC,non-renewable,Natural gas,2011-12,1143
VIC,non-renewable,Oil products,2011-12,4
VIC,renewable,Bagasse_wood,2011-12,187
VIC,renewable,Biogas,2011-12,672
VIC,renewable,Wind,2011-12,1416
VIC,renewable,Hydro,2011-12,2393
VIC,renewable,Small-scale solar PV,2011-12,379
QLD,non-renewable,Black coal,2011-12,45417
QLD,non-renewable,Natural gas,2011-12,15303
QLD,non-renewable,Oil products,2011-12,306
QLD,non-renewable,Other,2011-12,16
QLD,renewable,Bagasse_wood,2011-12,1006
QLD,renewable,Biogas,2011-12,119
QLD,renewable,Wind,2011-12,28
QLD,renewable,Hydro,2011-12,723
QLD,renewable,Small-scale solar PV,2011-12,760
QLD,renewable,Geothermal,2011-12,1
WA,non-renewable,Black coal,2011-12,10783
WA,non-renewable,Natural gas,2011-12,17538
WA,non-renewable,Oil products,2011-12,1171
WA,non-renewable,Other,2011-12,1072
WA,renewable,Biogas,2011-12,126
WA,renewable,Wind,2011-12,1279
WA,renewable,Small-scale solar PV,2011-12,331
SA,non-renewable,Brown coal,2011-12,3008
SA,non-renewable,Natural gas,2011-12,6703
SA,non-renewable,Oil products,2011-12,98
SA,renewable,Biogas,2011-12,71
SA,renewable,Wind,2011-12,3127
SA,renewable,Hydro,2011-12,4
SA,renewable,Small-scale solar PV,2011-12,398
TAS,non-renewable,Natural gas,2011-12,1563
TAS,non-renewable,Oil products,2011-12,61
TAS,renewable,Biogas,2011-12,33
TAS,renewable,Wind,2011-12,423
TAS,renewable,Hydro,2011-12,8516
TAS,renewable,Small-scale solar PV,2011-12,23
NT,non-renewable,Natural gas,2011-12,2109
NT,non-renewable,Oil products,2011-12,1021
NT,renewable,Biogas,2011-12,8
NT,renewable,Small-scale solar PV,2011-12,10
All,non-renewable,Black coal,2012-13,111491
All,non-renewable,Brown coal,2012-13,47555
All,non-renewable,Natural gas,2012-13,51053
All,non-renewable,Oil products,2012-13,4464
All,non-renewable,Other,2012-13,1945
All,renewable,Bagasse_wood,2012-13,1714
All,renewable,Biogas,2012-13,1429
All,renewable,Wind,2012-13,7960
All,renewable,Hydro,2012-13,18270
All,renewable,Small-scale solar PV,2012-13,3826
All,renewable,Geothermal,2012-13,1
NSW,non-renewable,Black coal,2012-13,56799
NSW,non-renewable,Natural gas,2012-13,5169
NSW,non-renewable,Oil products,2012-13,191
NSW,renewable,Bagasse_wood,2012-13,425
NSW,renewable,Biogas,2012-13,413
NSW,renewable,Wind,2012-13,833
NSW,renewable,Hydro,2012-13,3298
NSW,renewable,Small-scale solar PV,2012-13,858
VIC,non-renewable,Brown coal,2012-13,45318
VIC,non-renewable,Natural gas,2012-13,3248
VIC,non-renewable,Oil products,2012-13,11
VIC,renewable,Bagasse_wood,2012-13,171
VIC,renewable,Biogas,2012-13,674
VIC,renewable,Wind,2012-13,2005
VIC,renewable,Hydro,2012-13,3294
VIC,renewable,Small-scale solar PV,2012-13,580
QLD,non-renewable,Black coal,2012-13,44416
QLD,non-renewable,Natural gas,2012-13,13910
QLD,non-renewable,Oil products,2012-13,1043
QLD,non-renewable,Other,2012-13,54
QLD,renewable,Bagasse_wood,2012-13,1118
QLD,renewable,Biogas,2012-13,121
QLD,renewable,Wind,2012-13,31
QLD,renewable,Hydro,2012-13,684
QLD,renewable,Small-scale solar PV,2012-13,1310
QLD,renewable,Geothermal,2012-13,1
WA,non-renewable,Black coal,2012-13,10277
WA,non-renewable,Natural gas,2012-13,17645
WA,non-renewable,Oil products,2012-13,2045
WA,non-renewable,Other,2012-13,1856
WA,renewable,Biogas,2012-13,108
WA,renewable,Wind,2012-13,1300
WA,renewable,Hydro,2012-13,221
WA,renewable,Small-scale solar PV,2012-13,450
SA,non-renewable,Brown coal,2012-13,2238
SA,non-renewable,Natural gas,2012-13,7061
SA,non-renewable,Oil products,2012-13,141
SA,non-renewable,Other,2012-13,9
SA,renewable,Biogas,2012-13,73
SA,renewable,Wind,2012-13,3314
SA,renewable,Hydro,2012-13,6
SA,renewable,Small-scale solar PV,2012-13,559
TAS,non-renewable,Natural gas,2012-13,1753
TAS,non-renewable,Oil products,2012-13,12
TAS,non-renewable,Other,2012-13,27
TAS,renewable,Biogas,2012-13,33
TAS,renewable,Wind,2012-13,478
TAS,renewable,Hydro,2012-13,10766
TAS,renewable,Small-scale solar PV,2012-13,53
NT,non-renewable,Natural gas,2012-13,2269
NT,non-renewable,Oil products,2012-13,1022
NT,renewable,Biogas,2012-13,7
NT,renewable,Small-scale solar PV,2012-13,17
All,non-renewable,Black coal,2013-14,106966
All,non-renewable,Brown coal,2013-14,46076
All,non-renewable,Natural gas,2013-14,54394
All,non-renewable,Oil products,2013-14,5012
All,renewable,Bagasse_wood,2013-14,2054
All,renewable,Biogas,2013-14,1446
All,renewable,Wind,2013-14,10252
All,renewable,Hydro,2013-14,18421
All,renewable,Large-scale solar PV,2013-14,50
All,renewable,Small-scale solar PV,2013-14,4366
All,renewable,Geothermal,2013-14,1
NSW,non-renewable,Black coal,2013-14,55820
NSW,non-renewable,Natural gas,2013-14,5528
NSW,non-renewable,Oil products,2013-14,171
NSW,renewable,Bagasse_wood,2013-14,462
NSW,renewable,Biogas,2013-14,421
NSW,renewable,Wind,2013-14,899
NSW,renewable,Hydro,2013-14,2721
NSW,renewable,Large-scale solar PV,2013-14,11
NSW,renewable,Small-scale solar PV,2013-14,965
VIC,non-renewable,Brown coal,2013-14,43978
VIC,non-renewable,Natural gas,2013-14,3239
VIC,non-renewable,Oil products,2013-14,146
VIC,renewable,Bagasse_wood,2013-14,189
VIC,renewable,Biogas,2013-14,698
VIC,renewable,Wind,2013-14,2772
VIC,renewable,Hydro,2013-14,2595
VIC,renewable,Large-scale solar PV,2013-14,4
VIC,renewable,Small-scale solar PV,2013-14,674
QLD,non-renewable,Black coal,2013-14,40261
QLD,non-renewable,Natural gas,2013-14,15454
QLD,non-renewable,Oil products,2013-14,960
QLD,renewable,Bagasse_wood,2013-14,1403
QLD,renewable,Biogas,2013-14,83
QLD,renewable,Wind,2013-14,34
QLD,renewable,Hydro,2013-14,821
QLD,renewable,Large-scale solar PV,2013-14,4
QLD,renewable,Small-scale solar PV,2013-14,1461
QLD,renewable,Geothermal,2013-14,1
WA,non-renewable,Black coal,2013-14,10885
WA,non-renewable,Natural gas,2013-14,20880
WA,non-renewable,Oil products,2013-14,2486
WA,renewable,Biogas,2013-14,124
WA,renewable,Wind,2013-14,1579
WA,renewable,Hydro,2013-14,205
WA,renewable,Large-scale solar PV,2013-14,24
WA,renewable,Small-scale solar PV,2013-14,496
SA,non-renewable,Brown coal,2013-14,2099
SA,non-renewable,Natural gas,2013-14,5998
SA,non-renewable,Oil products,2013-14,107
SA,renewable,Biogas,2013-14,81
SA,renewable,Wind,2013-14,4150
SA,renewable,Hydro,2013-14,6
SA,renewable,Large-scale solar PV,2013-14,1
SA,renewable,Small-scale solar PV,2013-14,678
TAS,non-renewable,Natural gas,2013-14,985
TAS,non-renewable,Oil products,2013-14,20
TAS,renewable,Biogas,2013-14,31
TAS,renewable,Wind,2013-14,818
TAS,renewable,Hydro,2013-14,12073
TAS,renewable,Large-scale solar PV,2013-14,0
TAS,renewable,Small-scale solar PV,2013-14,74
NT,non-renewable,Natural gas,2013-14,2309
NT,non-renewable,Oil products,2013-14,1124
NT,renewable,Biogas,2013-14,9
NT,renewable,Large-scale solar PV,2013-14,5
NT,renewable,Small-scale solar PV,2013-14,19
All,non-renewable,Black coal,2014-15,107639
All,non-renewable,Brown coal,2014-15,50970
All,non-renewable,Natural gas,2014-15,52917
All,non-renewable,Oil products,2014-15,6829
All,renewable,Bagasse_wood,2014-15,2353
All,renewable,Biogas,2014-15,1239
All,renewable,Wind,2014-15,11467
All,renewable,Hydro,2014-15,13445
All,renewable,Large-scale solar PV,2014-15,107
All,renewable,Small-scale solar PV,2014-15,5424
All,renewable,Geothermal,2014-15,1
NSW,non-renewable,Black coal,2014-15,52562
NSW,non-renewable,Natural gas,2014-15,4528
NSW,non-renewable,Oil products,2014-15,284
NSW,renewable,Bagasse_wood,2014-15,551
NSW,renewable,Biogas,2014-15,472
NSW,renewable,Wind,2014-15,1376
NSW,renewable,Hydro,2014-15,1771
NSW,renewable,Large-scale solar PV,2014-15,60
NSW,renewable,Small-scale solar PV,2014-15,1211
VIC,non-renewable,Brown coal,2014-15,48337
VIC,non-renewable,Natural gas,2014-15,2391
VIC,non-renewable,Oil products,2014-15,156
VIC,renewable,Bagasse_wood,2014-15,252
VIC,renewable,Biogas,2014-15,420
VIC,renewable,Wind,2014-15,3068
VIC,renewable,Hydro,2014-15,2514
VIC,renewable,Large-scale solar PV,2014-15,9
VIC,renewable,Small-scale solar PV,2014-15,875
QLD,non-renewable,Black coal,2014-15,44554
QLD,non-renewable,Natural gas,2014-15,18249
QLD,non-renewable,Oil products,2014-15,1197
QLD,renewable,Bagasse_wood,2014-15,1550
QLD,renewable,Biogas,2014-15,91
QLD,renewable,Wind,2014-15,33
QLD,renewable,Hydro,2014-15,649
QLD,renewable,Large-scale solar PV,2014-15,6
QLD,renewable,Small-scale solar PV,2014-15,1788
QLD,renewable,Geothermal,2014-15,1
WA,non-renewable,Black coal,2014-15,10523
WA,non-renewable,Natural gas,2014-15,20413
WA,non-renewable,Oil products,2014-15,4224
WA,renewable,Biogas,2014-15,127
WA,renewable,Wind,2014-15,1643
WA,renewable,Hydro,2014-15,206
WA,renewable,Large-scale solar PV,2014-15,24
WA,renewable,Small-scale solar PV,2014-15,622
SA,non-renewable,Brown coal,2014-15,2634
SA,non-renewable,Natural gas,2014-15,5004
SA,non-renewable,Oil products,2014-15,197
SA,renewable,Biogas,2014-15,85
SA,renewable,Wind,2014-15,4292
SA,renewable,Hydro,2014-15,11
SA,renewable,Large-scale solar PV,2014-15,2
SA,renewable,Small-scale solar PV,2014-15,802
TAS,non-renewable,Natural gas,2014-15,131
TAS,non-renewable,Oil products,2014-15,19
TAS,renewable,Biogas,2014-15,35
TAS,renewable,Wind,2014-15,1055
TAS,renewable,Hydro,2014-15,8294
TAS,renewable,Large-scale solar PV,2014-15,0
TAS,renewable,Small-scale solar PV,2014-15,97
NT,non-renewable,Natural gas,2014-15,2201
NT,non-renewable,Oil products,2014-15,751
NT,renewable,Biogas,2014-15,9
NT,renewable,Large-scale solar PV,2014-15,6
NT,renewable,Small-scale solar PV,2014-15,29
All,non-renewable,Black coal,2015-16,114295
All,non-renewable,Brown coal,2015-16,48796
All,non-renewable,Natural gas,2015-16,50536
All,non-renewable,Oil products,2015-16,5656
All,renewable,Bagasse_wood,2015-16,2494
All,renewable,Biogas,2015-16,1296
All,renewable,Wind,2015-16,12200
All,renewable,Hydro,2015-16,15318
All,renewable,Large-scale solar PV,2015-16,457
All,renewable,Small-scale solar PV,2015-16,6381
All,renewable,Geothermal,2015-16,0
NSW,non-renewable,Black coal,2015-16,55335
NSW,non-renewable,Natural gas,2015-16,4629
NSW,non-renewable,Oil products,2015-16,290
NSW,renewable,Bagasse_wood,2015-16,602
NSW,renewable,Biogas,2015-16,445
NSW,renewable,Wind,2015-16,1899
NSW,renewable,Hydro,2015-16,3170
NSW,renewable,Large-scale solar PV,2015-16,400
NSW,renewable,Small-scale solar PV,2015-16,1462
VIC,non-renewable,Black coal,2015-16,32
VIC,non-renewable,Brown coal,2015-16,46202
VIC,non-renewable,Natural gas,2015-16,1892
VIC,non-renewable,Oil products,2015-16,71
VIC,renewable,Bagasse_wood,2015-16,235
VIC,renewable,Biogas,2015-16,512
VIC,renewable,Wind,2015-16,3342
VIC,renewable,Hydro,2015-16,3229
VIC,renewable,Large-scale solar PV,2015-16,12
VIC,renewable,Small-scale solar PV,2015-16,1056
QLD,non-renewable,Black coal,2015-16,48016
QLD,non-renewable,Natural gas,2015-16,13817
QLD,non-renewable,Oil products,2015-16,1199
QLD,renewable,Bagasse_wood,2015-16,1656
QLD,renewable,Biogas,2015-16,116
QLD,renewable,Wind,2015-16,28
QLD,renewable,Hydro,2015-16,492
QLD,renewable,Large-scale solar PV,2015-16,7
QLD,renewable,Small-scale solar PV,2015-16,2056
QLD,renewable,Geothermal,2015-16,0
WA,non-renewable,Black coal,2015-16,10913
WA,non-renewable,Natural gas,2015-16,21900
WA,non-renewable,Oil products,2015-16,3347
WA,renewable,Bagasse_wood,2015-16,0
WA,renewable,Biogas,2015-16,94
WA,renewable,Wind,2015-16,1477
WA,renewable,Hydro,2015-16,217
WA,renewable,Large-scale solar PV,2015-16,28
WA,renewable,Small-scale solar PV,2015-16,761
SA,non-renewable,Brown coal,2015-16,2594
SA,non-renewable,Natural gas,2015-16,4956
SA,non-renewable,Oil products,2015-16,136
SA,renewable,Biogas,2015-16,95
SA,renewable,Wind,2015-16,4398
SA,renewable,Hydro,2015-16,7
SA,renewable,Large-scale solar PV,2015-16,2
SA,renewable,Small-scale solar PV,2015-16,896
TAS,non-renewable,Natural gas,2015-16,858
TAS,non-renewable,Oil products,2015-16,90
TAS,renewable,Biogas,2015-16,27
TAS,renewable,Wind,2015-16,1056
TAS,renewable,Hydro,2015-16,8204
TAS,renewable,Large-scale solar PV,2015-16,0
TAS,renewable,Small-scale solar PV,2015-16,109
NT,non-renewable,Natural gas,2015-16,2485
NT,non-renewable,Oil products,2015-16,523
NT,renewable,Biogas,2015-16,8
NT,renewable,Large-scale solar PV,2015-16,9
NT,renewable,Small-scale solar PV,2015-16,42
All,non-renewable,Black coal,2016-17,118272
All,non-renewable,Brown coal,2016-17,43558
All,non-renewable,Natural gas,2016-17,50460
All,non-renewable,Oil products,2016-17,5273
All,renewable,Bagasse_wood,2016-17,2308
All,renewable,Biogas,2016-17,1193
All,renewable,Wind,2016-17,12597
All,renewable,Hydro,2016-17,16285
All,renewable,Large-scale solar PV,2016-17,672
All,renewable,Small-scale solar PV,2016-17,7399
All,renewable,Geothermal,2016-17,1
NSW,non-renewable,Black coal,2016-17,55967
NSW,non-renewable,Natural gas,2016-17,3331
NSW,non-renewable,Oil products,2016-17,322
NSW,renewable,Bagasse_wood,2016-17,697
NSW,renewable,Biogas,2016-17,406
NSW,renewable,Wind,2016-17,1872
NSW,renewable,Hydro,2016-17,3291
NSW,renewable,Large-scale solar PV,2016-17,568
NSW,renewable,Small-scale solar PV,2016-17,1707
VIC,non-renewable,Black coal,2016-17,36
VIC,non-renewable,Brown coal,2016-17,43558
VIC,non-renewable,Natural gas,2016-17,2659
VIC,non-renewable,Oil products,2016-17,109
VIC,renewable,Bagasse_wood,2016-17,263
VIC,renewable,Biogas,2016-17,431
VIC,renewable,Wind,2016-17,3561
VIC,renewable,Hydro,2016-17,3673
VIC,renewable,Large-scale solar PV,2016-17,14
VIC,renewable,Small-scale solar PV,2016-17,1232
QLD,non-renewable,Black coal,2016-17,51043
QLD,non-renewable,Natural gas,2016-17,12237
QLD,non-renewable,Oil products,2016-17,1216
QLD,renewable,Bagasse_wood,2016-17,1292
QLD,renewable,Biogas,2016-17,118
QLD,renewable,Wind,2016-17,29
QLD,renewable,Hydro,2016-17,672
QLD,renewable,Large-scale solar PV,2016-17,34
QLD,renewable,Small-scale solar PV,2016-17,2336
QLD,renewable,Geothermal,2016-17,1
WA,non-renewable,Black coal,2016-17,11226
WA,non-renewable,Natural gas,2016-17,22941
WA,non-renewable,Oil products,2016-17,2884
WA,renewable,Bagasse_wood,2016-17,56
WA,renewable,Biogas,2016-17,127
WA,renewable,Wind,2016-17,1617
WA,renewable,Hydro,2016-17,213
WA,renewable,Large-scale solar PV,2016-17,34
WA,renewable,Small-scale solar PV,2016-17,941
SA,non-renewable,Brown coal,2016-17,0
SA,non-renewable,Natural gas,2016-17,6028
SA,non-renewable,Oil products,2016-17,183
SA,renewable,Biogas,2016-17,78
SA,renewable,Wind,2016-17,4414
SA,renewable,Hydro,2016-17,4
SA,renewable,Large-scale solar PV,2016-17,4
SA,renewable,Small-scale solar PV,2016-17,1001
TAS,non-renewable,Natural gas,2016-17,898
TAS,non-renewable,Oil products,2016-17,22
TAS,renewable,Biogas,2016-17,25
TAS,renewable,Wind,2016-17,1105
TAS,renewable,Hydro,2016-17,8433
TAS,renewable,Large-scale solar PV,2016-17,0
TAS,renewable,Small-scale solar PV,2016-17,122
NT,non-renewable,Natural gas,2016-17,2367
NT,non-renewable,Oil products,2016-17,537
NT,renewable,Biogas,2016-17,8
NT,renewable,Large-scale solar PV,2016-17,19
NT,renewable,Small-scale solar PV,2016-17,61
All,non-renewable,Black coal,2017-18,121702
All,non-renewable,Brown coal,2017-18,36008
All,non-renewable,Natural gas,2017-18,53882
All,non-renewable,Oil products,2017-18,4821
All,renewable,Bagasse_wood,2017-18,2264
All,renewable,Biogas,2017-18,1253
All,renewable,Wind,2017-18,15174
All,renewable,Hydro,2017-18,16021
All,renewable,Large-scale solar PV,2017-18,1008
All,renewable,Small-scale solar PV,2017-18,8922
All,renewable,Geothermal,2017-18,0
NSW,non-renewable,Black coal,2017-18,57022
NSW,non-renewable,Natural gas,2017-18,3046
NSW,non-renewable,Oil products,2017-18,324
NSW,renewable,Bagasse_wood,2017-18,765
NSW,renewable,Biogas,2017-18,424
NSW,renewable,Wind,2017-18,2432
NSW,renewable,Hydro,2017-18,2916
NSW,renewable,Large-scale solar PV,2017-18,700
NSW,renewable,Small-scale solar PV,2017-18,2096
VIC,non-renewable,Black coal,2017-18,13
VIC,non-renewable,Brown coal,2017-18,36008
VIC,non-renewable,Natural gas,2017-18,3830
VIC,non-renewable,Oil products,2017-18,178
VIC,renewable,Bagasse_wood,2017-18,241
VIC,renewable,Biogas,2017-18,460
VIC,renewable,Wind,2017-18,4304
VIC,renewable,Hydro,2017-18,2803
VIC,renewable,Large-scale solar PV,2017-18,39
VIC,renewable,Small-scale solar PV,2017-18,1481
QLD,non-renewable,Black coal,2017-18,53635
QLD,non-renewable,Natural gas,2017-18,11046
QLD,non-renewable,Oil products,2017-18,1048
QLD,renewable,Bagasse_wood,2017-18,1253
QLD,renewable,Biogas,2017-18,127
QLD,renewable,Wind,2017-18,30
QLD,renewable,Hydro,2017-18,646
QLD,renewable,Large-scale solar PV,2017-18,172
QLD,renewable,Small-scale solar PV,2017-18,2761
WA,non-renewable,Black coal,2017-18,11032
WA,non-renewable,Natural gas,2017-18,24789
WA,non-renewable,Oil products,2017-18,2167
WA,renewable,Bagasse_wood,2017-18,6
WA,renewable,Biogas,2017-18,136
WA,renewable,Wind,2017-18,1587
WA,renewable,Hydro,2017-18,221
WA,renewable,Large-scale solar PV,2017-18,46
WA,renewable,Small-scale solar PV,2017-18,1196
SA,non-renewable,Brown coal,2017-18,0
SA,non-renewable,Natural gas,2017-18,7753
SA,non-renewable,Oil products,2017-18,133
SA,renewable,Biogas,2017-18,74
SA,renewable,Wind,2017-18,5674
SA,renewable,Hydro,2017-18,6
SA,renewable,Large-scale solar PV,2017-18,20
SA,renewable,Small-scale solar PV,2017-18,1163
TAS,non-renewable,Natural gas,2017-18,980
TAS,non-renewable,Oil products,2017-18,24
TAS,renewable,Biogas,2017-18,24
TAS,renewable,Wind,2017-18,1148
TAS,renewable,Hydro,2017-18,9429
TAS,renewable,Large-scale solar PV,2017-18,1
TAS,renewable,Small-scale solar PV,2017-18,139
NT,non-renewable,Natural gas,2017-18,2438
NT,non-renewable,Oil products,2017-18,947
NT,renewable,Biogas,2017-18,9
NT,renewable,Large-scale solar PV,2017-18,31
NT,renewable,Small-scale solar PV,2017-18,86
All,non-renewable,Black coal,2018-19,119845
All,non-renewable,Brown coal,2018-19,34460
All,non-renewable,Natural gas,2018-19,52775
All,non-renewable,Oil products,2018-19,4923
All,renewable,Bagasse_wood,2018-19,2164
All,renewable,Biogas,2018-19,1332
All,renewable,Wind,2018-19,17712
All,renewable,Hydro,2018-19,15967
All,renewable,Large-scale solar PV,2018-19,3732
All,renewable,Small-scale solar PV,2018-19,11116
All,renewable,Geothermal,2018-19,0
NSW,non-renewable,Black coal,2018-19,57735
NSW,non-renewable,Natural gas,2018-19,2360
NSW,non-renewable,Oil products,2018-19,323
NSW,renewable,Bagasse_wood,2018-19,759
NSW,renewable,Biogas,2018-19,419
NSW,renewable,Wind,2018-19,3740
NSW,renewable,Hydro,2018-19,2160
NSW,renewable,Large-scale solar PV,2018-19,1348
NSW,renewable,Small-scale solar PV,2018-19,2717
VIC,non-renewable,Black coal,2018-19,35
VIC,non-renewable,Brown coal,2018-19,34460
VIC,non-renewable,Natural gas,2018-19,3334
VIC,non-renewable,Oil products,2018-19,205
VIC,renewable,Bagasse_wood,2018-19,236
VIC,renewable,Biogas,2018-19,498
VIC,renewable,Wind,2018-19,4864
VIC,renewable,Hydro,2018-19,2703
VIC,renewable,Large-scale solar PV,2018-19,463
VIC,renewable,Small-scale solar PV,2018-19,1900
QLD,non-renewable,Black coal,2018-19,52121
QLD,non-renewable,Natural gas,2018-19,9934
QLD,non-renewable,Oil products,2018-19,1001
QLD,renewable,Bagasse_wood,2018-19,1158
QLD,renewable,Biogas,2018-19,175
QLD,renewable,Wind,2018-19,399
QLD,renewable,Hydro,2018-19,1057
QLD,renewable,Large-scale solar PV,2018-19,1492
QLD,renewable,Small-scale solar PV,2018-19,3330
WA,non-renewable,Black coal,2018-19,9954
WA,non-renewable,Natural gas,2018-19,25778
WA,non-renewable,Oil products,2018-19,2418
WA,renewable,Bagasse_wood,2018-19,11
WA,renewable,Biogas,2018-19,120
WA,renewable,Wind,2018-19,1851
WA,renewable,Hydro,2018-19,217
WA,renewable,Large-scale solar PV,2018-19,75
WA,renewable,Small-scale solar PV,2018-19,1487
SA,non-renewable,Brown coal,2018-19,0
SA,non-renewable,Natural gas,2018-19,7246
SA,non-renewable,Oil products,2018-19,163
SA,renewable,Biogas,2018-19,85
SA,renewable,Wind,2018-19,5711
SA,renewable,Hydro,2018-19,9
SA,renewable,Large-scale solar PV,2018-19,321
SA,renewable,Small-scale solar PV,2018-19,1403
TAS,non-renewable,Natural gas,2018-19,620
TAS,non-renewable,Oil products,2018-19,19
TAS,renewable,Biogas,2018-19,27
TAS,renewable,Wind,2018-19,1147
TAS,renewable,Hydro,2018-19,9821
TAS,renewable,Large-scale solar PV,2018-19,2
TAS,renewable,Small-scale solar PV,2018-19,162
NT,non-renewable,Natural gas,2018-19,3503
NT,non-renewable,Oil products,2018-19,795
NT,renewable,Biogas,2018-19,9
NT,renewable,Large-scale solar PV,2018-19,33
NT,renewable,Small-scale solar PV,2018-19,118
All,non-renewable,Black coal,2019-20,111873
All,non-renewable,Brown coal,2019-20,33649
All,non-renewable,Natural gas,2019-20,55216
All,non-renewable,Oil products,2019-20,4509
All,renewable,Bagasse_wood,2019-20,1998
All,renewable,Biogas,2019-20,1354
All,renewable,Wind,2019-20,20396
All,renewable,Hydro,2019-20,15150
All,renewable,Large-scale solar PV,2019-20,7136
All,renewable,Small-scale solar PV,2019-20,13897
All,renewable,Geothermal,2019-20,0
NSW,non-renewable,Black coal,2019-20,53567
NSW,non-renewable,Natural gas,2019-20,2871
NSW,non-renewable,Oil products,2019-20,337
NSW,renewable,Bagasse_wood,2019-20,716
NSW,renewable,Biogas,2019-20,387
NSW,renewable,Wind,2019-20,4574
NSW,renewable,Hydro,2019-20,2110
NSW,renewable,Large-scale solar PV,2019-20,2085
NSW,renewable,Small-scale solar PV,2019-20,3417
VIC,non-renewable,Black coal,2019-20,12
VIC,non-renewable,Brown coal,2019-20,33649
VIC,non-renewable,Natural gas,2019-20,3117
VIC,non-renewable,Oil products,2019-20,202
VIC,renewable,Bagasse_wood,2019-20,244
VIC,renewable,Biogas,2019-20,536
VIC,renewable,Wind,2019-20,5596
VIC,renewable,Hydro,2019-20,2311
VIC,renewable,Large-scale solar PV,2019-20,873
VIC,renewable,Small-scale solar PV,2019-20,2457
QLD,non-renewable,Black coal,2019-20,48569
QLD,non-renewable,Natural gas,2019-20,11214
QLD,non-renewable,Oil products,2019-20,984
QLD,renewable,Bagasse_wood,2019-20,1030
QLD,renewable,Biogas,2019-20,189
QLD,renewable,Wind,2019-20,928
QLD,renewable,Hydro,2019-20,635
QLD,renewable,Large-scale solar PV,2019-20,3335
QLD,renewable,Small-scale solar PV,2019-20,4120
WA,non-renewable,Black coal,2019-20,9725
WA,non-renewable,Natural gas,2019-20,26919
WA,non-renewable,Oil products,2019-20,2302
WA,renewable,Bagasse_wood,2019-20,8
WA,renewable,Biogas,2019-20,104
WA,renewable,Wind,2019-20,2123
WA,renewable,Hydro,2019-20,206
WA,renewable,Large-scale solar PV,2019-20,175
WA,renewable,Small-scale solar PV,2019-20,1835
SA,non-renewable,Natural gas,2019-20,6614
SA,non-renewable,Oil products,2019-20,159
SA,renewable,Biogas,2019-20,97
SA,renewable,Wind,2019-20,5813
SA,renewable,Hydro,2019-20,10
SA,renewable,Large-scale solar PV,2019-20,628
SA,renewable,Small-scale solar PV,2019-20,1718
TAS,non-renewable,Natural gas,2019-20,197
TAS,non-renewable,Oil products,2019-20,21
TAS,renewable,Biogas,2019-20,31
TAS,renewable,Wind,2019-20,1362
TAS,renewable,Hydro,2019-20,9878
TAS,renewable,Large-scale solar PV,2019-20,3
TAS,renewable,Small-scale solar PV,2019-20,187
NT,non-renewable,Natural gas,2019-20,4285
NT,non-renewable,Oil products,2019-20,504
NT,renewable,Biogas,2019-20,9
NT,renewable,Large-scale solar PV,2019-20,39
NT,renewable,Small-scale solar PV,2019-20,162
